<?xml version="1.0" encoding="UTF-8"?>

<SETTINGS>
  <INFO>
    <VERSION>0.4.4</VERSION>
    <PLUGIN_API_VERSION>5</PLUGIN_API_VERSION>
    <DATE>5 Jul 2018 15:59:09</DATE>
    <OS>Windows 8.0</OS>
    <MACHINE>DESKTOP-1Q78GC7</MACHINE>
  </INFO>
  <SIGNALCHAIN>
    <PROCESSOR name="Sources/Tracking Port" insertionPoint="1" pluginName="Tracking Port"
               pluginType="1" pluginIndex="16" libraryName="Tracking" libraryVersion="1"
               isSource="1" isSink="0" NodeId="100">
      <TrackingNode>
        <Source_1 port="27020" address="/red" color="red"/>
      </TrackingNode>
      <EVENTCHANNEL name="0" number="0"/>
      <EDITOR isCollapsed="0" displayName="Tracking Port"/>
    </PROCESSOR>
    <PROCESSOR name="Filters/Tracking Stim" insertionPoint="1" pluginName="Tracking Stim"
               pluginType="1" pluginIndex="17" libraryName="Tracking" libraryVersion="1"
               isSource="0" isSink="0" NodeId="102">
      <TrackingSTIMULATOR>
        <CIRCLES/>
        <CHANNELS>
          <Chan_1 id="0" freq="2" sd="0.5" uniform-gaussian="1"/>
          <Chan_2 id="1" freq="2" sd="0.5" uniform-gaussian="1"/>
          <Chan_3 id="2" freq="2" sd="0.5" uniform-gaussian="1"/>
          <Chan_4 id="3" freq="2" sd="0.5" uniform-gaussian="1"/>
        </CHANNELS>
      </TrackingSTIMULATOR>
      <EVENTCHANNEL name="0" number="0"/>
      <EVENTCHANNEL name="1" number="1"/>
      <EDITOR isCollapsed="0" displayName="Tracking Stim" Type="Visualizer">
        <TAB Active="1"/>
        <WINDOW Active="0"/>
      </EDITOR>
    </PROCESSOR>
  </SIGNALCHAIN>
  <AUDIO bufferSize="1024"/>
  <GLOBAL_TIMESTAMP selected_index="-1" selected_sub_index="66"/>
  <CONTROLPANEL isOpen="0" recordPath="C:\Users\ysakai\Desktop\Open-Ehys-Tracking"
                prependText="" appendText="" recordEngine="OPENEPHYS"/>
  <AUDIOEDITOR isMuted="0" volume="0" noiseGate="0"/>
  <RECORDENGINES>
    <ENGINE id="OPENEPHYS" name="Open Ephys">
      <PARAMETER id="0" type="bool" value="0"/>
      <PARAMETER id="1" type="bool" value="0"/>
      <PARAMETER id="2" type="string" value="CH"/>
    </ENGINE>
    <ENGINE id="RAWBINARY" name="Binary">
      <PARAMETER id="0" type="bool" value="1"/>
    </ENGINE>
    <ENGINE id="KWIK" name="Kwik"/>
    <ENGINE id="NWB" name="NWB">
      <PARAMETER id="0" type="string" value=""/>
    </ENGINE>
  </RECORDENGINES>
  <PROCESSORLIST>
    <COLOR ID="801" R="59" G="59" B="59"/>
    <COLOR ID="804" R="241" G="90" B="41"/>
    <COLOR ID="802" R="0" G="174" B="239"/>
    <COLOR ID="803" R="0" G="166" B="81"/>
    <COLOR ID="805" R="147" G="149" B="152"/>
  </PROCESSORLIST>
  <UICOMPONENT isProcessorListOpen="1" isEditorViewportOpen="1"/>
</SETTINGS>
